No,Keyword,Volume,CPC,Paid Difficulty,SEO Difficulty
1,traffic challan,165000,2.38492375,5,37
2,e challan ts,246000,3.33889325,1,19
3,traffic challan in delhi,110000,4.7698475,2,37
4,traffic challan police,14800,2.38492375,5,37
5,e challan jk,9900,2.8619085,11,17
6,traffic challan pay,6600,6.20080175,3,29
7,traffic challan receipt,6600,5.723817,1,44
8,traffic challan mumbai,5400,6.6777865,3,32
9,traffic challan payment online,3600,8.5857255,15,29
10,traffic challan surat,2900,3.815878,19,29
11,traffic challan lok adalat,1900,0,1,19
12,traffic challan online check,1600,4.7698475,32,48
13,e challan 24,1300,1.43095425,12,32
14,traffic challan ahmedabad,1300,11.447634,24,25
15,e challan jaipur,1300,14.3095425,30,16
16,traffic challan maharashtra,1300,6.6777865,5,26
17,traffic challan karnataka,1000,8.5857255,23,32
18,traffic challan haryana,1000,9.539695,21,37
19,traffic challan app,1000,10.4936645,12,37
20,traffic challan odisha,1000,5.723817,7,18
21,traffic challan bihar,880,12.4016035,25,34
22,traffic challan application,880,4.7698475,17,40
23,traffic challan discount,880,16.2174815,8,23
24,traffic challan chennai,880,3.815878,19,20
25,traffic challan lok adalat token,720,0,1,27
26,traffic challan cars24,590,1.907939,15,18
27,traffic challan status delhi,590,4.7698475,3,31
28,traffic challan ts,590,15.263512,1,21
29,traffic challan delhi lok adalat,480,0,1,18
30,traffic challan enquiry,480,5.24683225,3,31
31,traffic challan pending,480,10.4936645,20,36
32,traffic challan rajasthan,480,35.2968715,24,18
33,traffic challan ranchi,480,7.631756,26,17
34,traffic challan up,480,9.539695,12,34
35,traffic challan delhi police,390,20.987329,6,35
36,traffic challan details,390,7.631756,11,30
37,traffic challan jharkhand,390,19.07939,22,17
38,traffic challan assam,320,1.907939,10,16
39,traffic challan discount telangana,320,0,4,42
40,traffic challan evening court,320,14.3095425,4,19
41,traffic challan gujarat,320,6.6777865,23,26
42,traffic police qualification,320,0,1,21
43,traffic challan virtual court,320,17.171451,13,14
44,traffic challan vadodara,320,4.7698475,34,15
45,traffic challan parivahan,320,6.6777865,14,40
46,traffic challan andhra pradesh,260,6.6777865,31,28
47,traffic challan chandigarh,260,15.263512,23,17
48,traffic challan download,260,2.8619085,3,53
49,traffic challan delhi online,260,15.263512,16,30
50,traffic challan hp,260,2.8619085,3,26
51,traffic challan kolkata,260,10.4936645,16,23
52,traffic challan list,260,0,1,32
53,traffic challan notice,260,0,1,29
54,traffic challan rajkot,260,3.815878,9,16
55,traffic challan token,260,41.0206885,1,35
56,traffic challan west bengal,260,10.4936645,30,28
57,traffic police zone,260,0,2,15
58,traffic challan tamil nadu,210,4.29286275,21,19
59,traffic challan mp,210,2.38492375,5,33
60,traffic challan complaint,170,0,1,35
61,traffic challan check bangalore,170,2.8619085,7,18
62,traffic challan online delhi,170,7.631756,13,30
63,traffic challan cg,170,4.7698475,17,26
64,traffic challan punjab,170,3.815878,21,17
65,e challan 4.0,140,0,1,39
66,traffic challan india,140,2.38492375,3,36
67,traffic challan message,140,0,1,20
68,traffic challan grievance,140,0,1,35
69,traffic challan lok adalat date,140,0,1,19
70,traffic challan gurgaon,140,6.20080175,20,26
71,traffic challan offers,140,19.55637475,9,28
72,traffic challan fine,110,0,3,36
73,traffic challan jammu,110,2.8619085,9,17
74,traffic challan online payment chennai,110,2.8619085,7,16
75,traffic challan photo,110,2.8619085,5,25
76,traffic challan helpline number,110,0,1,16
77,e challan 50 discount 2025 date,110,0,8,18
78,traffic challan 50 off,110,5.24683225,9,24
79,traffic challan rates in rajasthan,110,0,1,15
80,traffic challan check delhi,90,3.33889325,17,31
81,traffic challan check app,90,1.907939,53,34
82,traffic challan check online maharashtra,90,3.33889325,6,25
83,traffic challan payment bangalore,90,5.723817,15,17
84,traffic challan tripura,90,1.907939,12,16
85,traffic challan website,90,3.815878,18,59
86,traffic challan status check,90,3.815878,25,39
87,traffic challan gov in,90,2.8619085,16,60
88,traffic challan 24,90,0.9539695,22,40
89,traffic challan timing,70,0,1,27
90,e challan 2 wheeler,70,4.29286275,41,38
91,traffic challan bengaluru,70,8.5857255,23,35
92,traffic challan court,70,0,3,18
93,traffic challan indore,70,0,1,23
94,traffic challan ludhiana,70,4.29286275,25,16
95,traffic challan mysore,70,2.38492375,17,24
96,traffic challan new rules,70,0,1,28
97,traffic challan traffic challan,70,2.8619085,3,29
98,traffic challan with photo,70,2.38492375,47,35
99,traffic challan hyderabad discount,70,0,1,45
100,traffic challan srinagar,70,1.907939,28,17
101,traffic challan online payment tamil nadu,70,6.6777865,18,11
102,e challan quick pay,70,0,3,6
103,traffic challan bihar payment,70,5.723817,17,11
104,e challan traffic rules,50,0,4,7
105,traffic challan payment due date,50,0,4,7
106,traffic challan app download,50,2.38492375,33,15
107,traffic challan check karnataka,50,3.815878,19,11
108,traffic challan goa,50,3.33889325,8,16
109,traffic challan image,50,0,1,14
110,traffic challan kaise check karen,50,1.907939,55,22
111,traffic challan lok adalat delhi,50,0,1,5
112,traffic challan number,50,0,3,14
113,traffic challan payment online west bengal,50,0,6,7
114,traffic police quotes,50,0,1,13
115,traffic challan rajasthan online,50,31.00400875,31,15
116,traffic challan settlement,50,21.46431375,18,19
117,traffic challan sent to court,50,0,2,6
118,traffic challan telangana hyderabad,50,0,1,5
119,traffic challan uttarakhand,50,0,4,15
120,traffic challan wb,50,13.355573,10,17
121,e challan xyz,50,0,2,14
122,traffic challan time limit,50,0,1,6
123,e challan 80 discount telangana,50,0,1,5
124,traffic challan check tamil nadu,50,3.815878,27,14
125,traffic challan rate list,50,0,5,7
126,traffic challan 500 apk,50,0,1,5
127,traffic challan waiver,50,0,1,13
128,traffic challan delhi check,50,3.33889325,15,10
129,traffic challan bike,40,1.907939,14,18
130,traffic challan link,40,0,6,15
131,traffic challan news,40,0,1,13
132,traffic challan not paid,40,0,2,6
133,traffic challan up police,40,3.33889325,14,10
134,traffic challan vahan,40,2.8619085,6,15
135,e challan 2025,40,0,2,14
136,traffic challan tn,40,10.97064925,11,17
137,traffic challan kashmir,40,0,12,17
138,traffic challan tg,40,0,1,14
139,traffic challan machine,40,0,1,13
140,traffic challan due date,30,0,3,6
141,traffic challan after 6 months,30,0,1,6
142,old traffic challan details,30,5.723817,18,11
143,traffic challan by vehicle number,30,1.907939,16,10
144,traffic challan check online delhi,30,2.8619085,16,10
145,traffic challan discount date,30,0,1,5
146,traffic challan jk,30,0,10,17
147,traffic challan nagpur,30,1.907939,11,17
148,traffic challan online bangalore,30,8.10874075,11,9
149,traffic challan payment bihar,30,3.33889325,5,7
150,traffic challan patna,30,2.38492375,18,19
151,traffic challan site,30,2.38492375,22,20
152,traffic challan view,30,1.907939,13,17
153,traffic challan adalat,30,0,1,13
154,traffic challan all india,30,3.33889325,20,12
155,traffic challan without helmet,30,0,1,5
156,traffic police question paper,30,0,1,5
157,traffic challan ghaziabad,30,4.29286275,33,23
158,traffic challan mparivahan,30,0,3,14
159,traffic challan delhi token,30,0,1,5
160,traffic challan notice delhi,30,0,3,6
161,traffic challan list 2026,30,0,1,5
162,traffic challan 119 177,20,0,2,6
163,e challan 2026,20,5.723817,7,16
164,traffic police 2 star,20,0,1,5
165,e challan 50 percent,20,0,3,6
166,traffic challan late fees,20,0,1,5
167,traffic challan apk file,20,0,1,5
168,traffic challan e court,20,0,4,7
169,traffic challan fine payment,20,4.7698475,26,13
170,traffic challan for no parking,20,0,1,5
171,traffic challan how to check,20,3.33889325,43,18
172,traffic challan in court,20,0,4,7
173,traffic challan information,20,0,21,20
174,traffic challan in andhra pradesh,20,6.6777865,42,18
175,traffic challan meaning,20,0,1,13
176,traffic challan mangalore,20,10.4936645,15,18
177,traffic challan mumbai online,20,0,1,5
178,traffic challan online check ahmedabad,20,4.29286275,23,12
179,traffic challan report,20,0,5,15
180,traffic challan status telangana,20,0,1,5
181,traffic challan telangana police,20,0,6,7
182,traffic challan update,20,0,1,14
183,traffic challan verification,20,4.7698475,25,21
184,traffic challan without otp,20,3.33889325,37,17
185,traffic challan waiver telangana,20,0,1,5
186,traffic police zirakpur contact number,20,0,1,5
187,traffic challan niyam,20,0,1,14
188,traffic challan amount list,20,0,1,5
189,traffic challan fake message,20,0,1,5
190,traffic challan delhi virtual court,20,0,5,7
191,e challan 80 percent off,20,0,1,5
192,traffic challan discount date 2026,20,0,1,6
193,e challan qr code scanner,20,5.723817,17,11
194,traffic challan surat online,20,4.29286275,28,14
195,traffic challan list pdf delhi,20,0,1,5
196,traffic challan history,20,0,5,15
197,traffic challan for red light jump,20,0,3,6
198,traffic challan generate,20,0,1,13
199,vehicle challan 50 percent,20,0,10,9
200,traffic challan wrong side,20,0,1,5
201,traffic challan online haryana,20,27.6651155,25,13
202,traffic challan discount karnataka,20,8.10874075,9,8
203,traffic challan online payment rajasthan,20,6.6777865,11,9
204,traffic jump challan,20,0,5,15
205,e challan 75 discount 2025,10,0,1,5
206,traffic 7,10,0,1,18
207,e challan 8815,10,0,1,13
208,traffic challan ahmedabad payment,10,0,1,5
209,traffic challan fine check,10,2.8619085,26,13
210,traffic challan hyderabad discount 2026,10,0,1,5
211,traffic challan lawyer near me,10,66.30088025,32,15
212,traffic challan payment karnataka,10,0,5,7
213,traffic challan settlement delhi,10,14.3095425,14,10
214,traffic challan up online,10,6.20080175,22,12
215,traffic challan vizag,10,1.907939,27,22
216,traffic challan waiver delhi,10,0,2,6
217,traffic challan payment discount,10,3.33889325,14,10
218,traffic challan 500 app,10,0,1,5
219,e challan 0055,10,0,2,14
220,traffic police qatar number,10,0,1,5
221,9 traffic,10,0,1,18
222,traffic challan email id,10,0,1,5
223,traffic challan near hyderabad telangana,10,0,3,6
224,traffic police quetta,10,0,1,13
225,traffic police yangon,10,0,1,13
226,traffic police 5 lines in english,10,0,1,5
227,traffic challan official website,10,0,5,7
228,traffic challan maharashtra app,10,7.15477125,36,16
229,traffic police 3 star rank,10,0,1,5
230,traffic challan rules 2026,10,0,1,5
231,traffic challan bihar check,10,5.24683225,31,15
232,traffic challan uttar pradesh online,10,0,28,14
233,traffic police sa,10,0,1,13
234,e challan 0,0,0,1,12
235,e challan 0.4,0,0,1,12
236,traffic police 0,0,0,1,12
237,traffic challan 1500,0,0,1,12
238,traffic challan 194d,0,0,1,12
239,traffic challan 190 2,0,0,1,4
240,traffic challan 185,0,0,1,12
241,traffic challan 13 september,0,0,1,4
242,traffic challan 115,0,0,1,12
243,traffic challan 207,0,0,1,12
244,e challan 24 hours,0,0,1,4
245,e challan 2.0,0,0,1,12
246,traffic challan 300 rupees,0,0,1,4
247,e challan 32,0,0,1,12
248,e challan 32 a punjab,0,0,1,4
249,e challan 3,0,0,1,12
250,traffic police 3 star salary,0,0,1,4
251,e challan 30,0,0,1,12
252,e challan 4,0,0,1,12
253,traffic police $400 fine,0,0,1,4
254,traffic challan code 45,0,0,1,4
255,traffic challan 5000,0,0,1,12
256,e challan 50 discount 2026 date,0,0,1,4
257,e challan 50 percent discount,0,0,1,4
258,e challan 500 rupees,0,0,1,4
259,e challan 6,0,0,1,12
260,e challan 75 discount 2026,0,0,1,4
261,e challan 75 discount 2022,0,0,1,4
262,e challan 8070,0,0,1,12
263,e challan 80 discount 2025,0,0,1,4
264,e challan 9915,0,0,1,12
265,e challan 90 days,0,0,1,4
266,traffic challan bangalore discount,0,0,1,4
267,traffic challan bangalore online payment,0,0,1,4
268,traffic challan bhopal,0,0,1,12
269,traffic challan bangalore payment,0,0,1,4
270,traffic challan bangalore offer,0,0,1,4
271,traffic challan by citizen,0,0,1,4
272,traffic challan e parivahan,0,0,1,4
273,traffic challan evening court delhi,0,0,1,4
274,traffic challan expert lawyer,0,0,1,4
275,traffic challan entry in tally,0,0,1,4
276,traffic challan enforcement,0,0,1,12
277,traffic challan fine amount,0,0,1,4
278,traffic challan fine details,0,0,1,4
279,traffic challan gujarat police,0,0,1,4
280,traffic challan gurgaon court,0,0,1,4
281,traffic challan goa payment,0,0,1,4
282,traffic challan in virtual court,0,0,1,4
283,traffic challan jammu and kashmir,0,0,1,4
284,traffic challan jharkhand payment,0,0,1,4
285,traffic challan jama karne ka tarika,0,0,1,4
286,traffic challan karnataka one,0,0,1,4
287,traffic challan karnataka check,0,0,1,4
288,traffic challan kolkata police,0,0,1,4
289,traffic challan karnataka app,0,0,1,4
290,traffic challan karnataka offer,0,0,1,4
291,traffic challan karnataka discount,0,0,1,4
292,traffic challan ka,0,0,1,12
293,traffic challan mobile number update,0,0,1,4
294,traffic challan maharashtra police,0,0,1,4
295,traffic challan number search,0,0,1,4
296,traffic police qatar contact number,0,0,1,4
297,traffic challan uk,0,0,1,12
298,traffic challan up check,0,0,1,4
299,traffic challan up status,0,0,1,4
300,traffic challan up lok adalat,0,0,1,4
301,traffic challan upload,0,0,1,12
302,traffic challan under section 194d,0,0,1,4
303,traffic challan v court,0,0,1,4
304,traffic challan view online,0,0,1,4
305,traffic police x,0,0,1,12
306,traffic police x account,0,0,1,4
307,traffic police yamunanagar,0,0,1,12
308,traffic police yelahanka,0,0,1,12
309,e challan yatayat,0,0,1,12
310,e challan zameen,0,0,1,12
311,traffic police zakho,0,0,1,12
312,traffic police zaxo,0,0,1,12
313,traffic police ziarat,0,0,1,12
314,traffic police zimbabwe,0,0,1,12
315,traffic police zambia,0,0,1,12
316,traffic police zrenjanin,0,0,1,12
317,traffic police zurich,0,0,1,12
318,traffic challan 184 mva,0,0,1,4
319,traffic challan uttar pradesh online check,0,0,1,4
320,traffic 4e,0,0,1,17
321,traffic police yanbu,0,0,1,12
322,traffic challan four wheeler,0,0,1,4
323,traffic challan mail id,0,0,1,4
324,traffic challan earn money,0,0,1,4
325,traffic police 3d model,0,0,1,4
326,traffic police yerawada,0,0,1,12
327,traffic police quota myth,0,0,1,4
328,e challan youtube,0,0,1,12
329,8666 traffic challan,0,0,1,12
330,traffic challan 2000,0,0,1,12
331,traffic challan ranchi jharkhand,0,0,1,4
332,traffic challan gst,0,0,1,12
333,6 challan,0,0,1,17
334,challan 7.1,0,0,1,17
335,traffic challan offence,0,0,1,12
336,traffic challan 179,0,0,1,12
337,traffic challan guwahati,0,0,1,12
338,traffic challan payment list,0,0,1,4
339,traffic challan haryana list,0,0,1,4
340,traffic police 3d game,0,0,1,4
341,traffic challan game,0,0,1,12
342,traffic challan online payment 2024,0,0,1,4
343,traffic challan o,0,0,1,12
344,traffic challan 181,0,0,1,12
345,traffic challan evening,0,0,1,12
346,traffic challan jalandhar,0,0,1,12
347,traffic challan ji,0,0,1,12
348,traffic challan e challan telangana,0,0,1,4
349,traffic challan code 30,0,0,1,4
350,traffic police zakynthos,0,0,1,12
351,traffic police 65 years old,0,0,1,4
352,traffic challan jharkhand ranchi,0,0,1,4
353,e challan yamunanagar,0,0,1,12
354,4044 traffic challan,0,0,1,12
355,8070 traffic challan online check,0,0,1,4
356,traffic challan weekend court,0,0,1,4
357,challan 6cr,0,0,1,17
358,traffic challan for bike,0,0,1,4
359,traffic police yambol reviews,0,0,1,4
360,traffic challan 2000 rupees,0,0,1,4
361,traffic challan ksp,0,0,1,12
362,9915 traffic challan,0,0,1,12
363,traffic police zebra crossing,0,0,1,4
364,traffic police yadgar,0,0,1,12
365,traffic challan how to pay,0,0,1,4
366,traffic police qasim market,0,0,1,4
367,e challan 50 percent discount kerala,0,0,1,4
368,traffic challan ts police,0,0,1,4
369,traffic challan 2022,0,0,1,12
370,traffic challan waive off,0,0,1,4
371,traffic challan lawyer delhi,0,0,1,4
372,traffic challan 179 1,0,0,1,4
373,traffic police yogyata,0,0,1,12
374,7 challan,0,0,1,17
375,traffic police zo full form,0,0,1,4
376,traffic challan notice department,0,0,1,4
377,traffic challan hr,0,0,1,12
378,traffic challan lok adalat next date,0,0,1,4
379,traffic challan helmet,0,0,1,12
380,traffic police yatayat,0,0,1,12
381,traffic police zirakpur,0,0,1,12
382,traffic challan job,0,0,1,12
383,traffic challan weekend,0,0,1,12
384,9511 traffic challan,0,0,1,12
385,traffic police youtube,0,0,1,12
386,traffic police yerevan,0,0,1,12
387,traffic challan 1000 rupees,0,0,1,4
388,traffic challan extension,0,0,1,12
389,traffic challan nic,0,0,1,12
390,e challan 3 wheeler,0,0,1,4